"What is the objective of Slay the Spire?","To ascend the spire and defeat the final boss while managing your deck and resources."
"What are the different character classes in Slay the Spire?","The Ironclad, The Silent, The Defect, and The Watcher."
"What is the significance of relics in the game?","Relics provide unique bonuses and effects that can significantly alter gameplay."
"How do you obtain cards in Slay the Spire?","You can obtain cards by defeating enemies, opening chests, and visiting merchants."
"What happens when you die in Slay the Spire?","You lose your current run and must start over, but you retain some unlocks and progress."
"What is a 'deck' in Slay the Spire?","A deck is a collection of cards that you use to play the game, consisting of attack, skill, and power cards."
"What are 'status' cards?","Status cards are negative cards that can clutter your deck, such as 'Burn' or 'Dazed.'"
"What is the 'Ascension' system?","Ascension is a difficulty system that increases the challenge of the game with each level."
"How do you heal your character?","You can heal by resting at campfires or through certain cards and relics."
"What is the role of potions in Slay the Spire?","Potions provide temporary effects that can aid you in battles, such as healing or dealing damage."
"What is the starting relic of the Ironclad?","The Ironclad starts with the 'Burning Blood' relic, which heals 6 HP after each combat."
"What unique mechanic does The Silent have?","The Silent specializes in poison and shiv cards, focusing on quick, low-cost attacks."
"What is the Defect's unique mechanic?","The Defect uses orbs to deal damage and provide various effects, including channeling and evoking."
"What is the Watcher's unique ability?","The Watcher can enter different stances, such as Calm and Wrath, to manipulate damage and energy."
"What are elite enemies?","Elite enemies are stronger foes that provide better rewards when defeated."
"What is a campfire used for?","Campfires allow you to rest, heal, or upgrade cards."
"What is the purpose of the map in Slay the Spire?","The map shows your path through the spire, including enemies, events, and treasures."
"What are the different types of cards?","There are Attack, Skill, and Power cards."
"What is a 'boss' in Slay the Spire?","A boss is a powerful enemy that you encounter at the end of each act."
"What is the 'Card Removal' option at campfires?","You can remove a card from your deck to streamline your strategy."
"What does the 'Strength' stat do?","Strength increases the damage of your attack cards."
"What is the 'Dexterity' stat?","Dexterity increases the effectiveness of your skill cards and reduces damage taken."
"What is the 'Energy' resource?","Energy is used to play cards during your turn."
"What is a 'curse' card?","Curse cards are negative cards that can hinder your performance."
"What is the 'Shop' in Slay the Spire?","The Shop is a place where you can buy cards, relics, and potions using gold."
"What is the 'Nerd' enemy?","The Nerd is a common enemy that can deal damage and apply debuffs."
"What does the 'Poison' effect do?","Poison deals damage over time to the affected enemy."
"What is the 'Vulnerable' effect?","Vulnerable increases the damage taken by the affected enemy."
"What is the 'Weak' effect?","Weak reduces the damage dealt by the affected enemy."
"What is the 'Artifact' effect?","Artifact blocks the next debuff applied to the character."
"What is the 'Intangible' effect?","Intangible allows you to avoid all damage for one turn."
"What is the 'Focus' stat?","Focus increases the effectiveness of your orb effects."
"What is the 'Channel' action?","Channel allows you to create an orb that provides various benefits."
"What does 'Evoking' an orb do?","Evoking an orb triggers its effect and removes it from play."
"What is the 'Exhaust' mechanic?","Exhaust removes a card from your deck for the remainder of the combat."
"What is the 'Upgrade' option at campfires?","Upgrading a card enhances its effects or reduces its cost."
"What is the 'Rest' option at campfires?","Resting heals your character but does not upgrade cards."
"What is the 'Card Drafting' mechanic?","Card drafting
"What is the maximum number of acts in Slay the Spire?","There are three acts in the base game, with a fourth act added in the 'Defect' expansion."
"What is the purpose of the 'Map' in Slay the Spire?","The map allows players to choose their path through the spire, showing enemies, events, and shops."
"What does the 'Burning Blood' relic do?","It heals the Ironclad for 6 HP after each combat."
"What is the 'Shiv' card?","A Shiv is a zero-cost attack card that deals 3 damage and can be generated by other cards."
"What is the 'Sneko Eye' relic?","The Sneko Eye causes all cards to be randomized when drawn, adding an element of unpredictability."
"What does the 'Corruption' card do?","Corruption makes all skill cards cost 0 energy for the rest of the combat but exhausts itself."
"What is the 'Demon Form' card?","Demon Form is a power card that increases your Strength by 2 at the start of each turn."
"What is the 'Backstab' card?","Backstab is an attack card that deals 10 damage and can only be played if it is in your hand at the start of your turn."
"What does the 'Bouncing Flask' card do?","Bouncing Flask allows you to choose a number of random enemies to apply a certain amount of poison."
"What is the 'Echo Form' card?","Echo Form is a power card that allows you to play the first card you play each turn twice."
"What is the 'Sunder' card?","Sunder is an attack card that deals damage and causes the enemy to lose all block."
"What does the 'Ritual Dagger' relic do?","Ritual Dagger increases its damage each time you kill an enemy with it."
"What is the 'Ninja Scroll' relic?","Ninja Scroll starts you with 3 Shivs in your hand at the beginning of combat."
"What is the 'Finesse' card?","Finesse is a skill card that draws a card and gives you 1 energy."
"What does the 'Storm' card do?","Storm is a power card that channels 1 Lightning at the start of each turn."
"What is the 'Singing Bowl' relic?","The Singing Bowl allows you to increase your max HP by 1 for each card you obtain."
"What is the 'Cloak and Dagger' card?","Cloak and Dagger gives you a Shiv and increases your Dexterity for the turn."
"What does the 'Berserk' card do?","Berserk is a power card that gives you 2 energy but makes you vulnerable for the rest of the turn."
"What is the 'Transmutation' card?","Transmutation allows you to exhaust a card to draw 2 cards."
"What does the 'Choke' card do?","Choke deals damage and doubles the damage dealt if the enemy has been attacked this turn."
"What is the 'Scry' mechanic?","Scry allows you to look at a certain number of cards from the top of your deck and put them back in any order."
"What is the 'Wraith Form' card?","Wraith Form makes you intangible for a turn but exhausts itself."
"What does the 'Bottled Flame' relic do?","Bottled Flame allows you to choose a card to start with in your hand at the beginning of combat."
"What is the 'Cursed Key' relic?","Cursed Key gives you an extra energy at the start of each turn but adds a curse to your deck."
"What is the 'Mummified Hand' relic?","Mummified Hand makes it so that whenever you play a power card, you draw a card."
"What does the 'Sundial' relic do?","Sundial allows you to gain 3 extra energy if you end your turn with no cards in hand."
"What is the 'Fossilized Helix' relic?","Fossilized Helix blocks the first time you would be dealt damage each combat."
"What does the 'Paper Crane' relic do?","Paper Crane reduces the enemy's strength by 1."
"What is the 'Vajra' relic?","Vajra increases your Strength by 1."
"What does the 'Toxic Egg' relic do?","Toxic Egg upgrades all poison cards when you obtain them."
"What is the 'Runic Pyramid' relic?","Runic Pyramid allows you to keep your hand at the end of your turn."
"What does the 'Frozen Egg' relic do?","Frozen Egg upgrades all frost cards when you obtain them."
"What is the 'Black Star' relic?
"What is the 'Black Star' relic?","The Black Star increases the number of relics you can obtain from elite enemies."
"What does the 'Bottled Lightning' relic do?","Bottled Lightning allows you to choose a skill card to start with in your hand at the beginning of combat."
"What is the 'Dead Branch' relic?","Dead Branch allows you to gain a random card whenever you exhaust a card."
"What does the 'Cursed Key' relic do?","Cursed Key gives you an extra energy at the start of each turn but adds a curse to your deck."
"What is the 'Sundial' relic?","Sundial allows you to gain 3 extra energy if you end your turn with no cards in hand."
"What does the 'Bottled Flame' relic do?","Bottled Flame allows you to choose a card to start with in your hand at the beginning of combat."
"What is the 'Mummified Hand' relic?","Mummified Hand makes it so that whenever you play a power card, you draw a card."
"What does the 'Frozen Egg' relic do?","Frozen Egg upgrades all frost cards when you obtain them."
"What is the 'Toxic Egg' relic?","Toxic Egg upgrades all poison cards when you obtain them."
"What does the 'Vajra' relic do?","Vajra increases your Strength by 1."
"What is the 'Paper Crane' relic?","Paper Crane reduces the enemy's strength by 1."
"What does the 'Fossilized Helix' relic do?","Fossilized Helix blocks the first time you would be dealt damage each combat."
"What is the 'Runic Pyramid' relic?","Runic Pyramid allows you to keep your hand at the end of your turn."
"What does the 'Sling' card do?","Sling is an attack card that deals damage and applies a debuff to the enemy."
"What is the 'Dagger Throw' card?","Dagger Throw allows you to deal damage and draw a card, while also letting you discard a card."
"What does the 'Cloak and Dagger' card do?","Cloak and Dagger gives you a Shiv and increases your Dexterity for the turn."
"What is the 'Adrenaline' card?","Adrenaline gives you 2 energy and draws a card, but exhausts itself."
"What does the 'Rage' card do?","Rage gives you 5 Block and increases your Strength for the turn."
"What is the 'Impervious' card?","Impervious gives you 30 Block but exhausts itself."
"What does the 'Fiend Fire' card do?","Fiend Fire deals damage for each card you exhaust this turn."
"What is the 'Whirlwind' card?","Whirlwind deals damage to all enemies for each energy spent."
"What does the 'Barrage' card do?","Barrage deals damage based on the number of orbs you have channeled."
"What is the 'Amplify' card?","Amplify allows you to double the effect of your next power card."
"What does the 'Seek' card do?","Seek allows you to draw 2 cards from your deck and put them into your hand."
"What is the 'Doom and Gloom' card?","Doom and Gloom deals damage and channels a Dark orb."
"What does the 'Hologram' card do?","Hologram allows you to return a card from your discard pile to your hand."
"What is the 'Reinforced Body' card?","Reinforced Body gives you Block equal to your current energy."
"What does the 'Storm' card do?","Storm channels 1 Lightning at the start of each turn."
"What is the 'Echo Form' card?","Echo Form allows you to play the first card you play each turn twice."
"What does the 'Bouncing Flask' card do?","Bouncing Flask allows you to apply a certain amount of poison to a number of random enemies."
"What is the 'Scry' mechanic?","Scry allows you to look at a certain number of cards from the top of your deck and put them back in any order."
"What does the 'Wraith Form' card do?","Wraith Form makes you intangible for a turn but exhausts itself."
"What is the 'Choke' card?","Choke deals damage and doubles the damage dealt if the enemy has been attacked this turn."
"What does the 'Demon Form' card do?","Demon Form increases your Strength by 2 at the start of each turn."
"What is the 'Corruption' card?","Corruption makes all skill cards cost 0 energy for the rest of the combat but exhausts
"What is the 'Ninja Scroll' relic?","Ninja Scroll starts you with 3 Shivs in your hand at the beginning of combat."
"What does the 'Singing Bowl' relic do?","The Singing Bowl allows you to increase your max HP by 1 for each card you obtain."
"What is the 'Cursed Key' relic?","Cursed Key gives you an extra energy at the start of each turn but adds a curse to your deck."
"What does the 'Dead Branch' relic do?","Dead Branch allows you to gain a random card whenever you exhaust a card."
"What is the 'Black Star' relic?","The Black Star increases the number of relics you can obtain from elite enemies."
"What does the 'Bottled Lightning' relic do?","Bottled Lightning allows you to choose a skill card to start with in your hand at the beginning of combat."
"What is the 'Runic Pyramid' relic?","Runic Pyramid allows you to keep your hand at the end of your turn."
"What does the 'Fossilized Helix' relic do?","Fossilized Helix blocks the first time you would be dealt damage each combat."
"What is the 'Mummified Hand' relic?","Mummified Hand makes it so that whenever you play a power card, you draw a card."
"What does the 'Frozen Egg' relic do?","Frozen Egg upgrades all frost cards when you obtain them."
"What is the 'Toxic Egg' relic?","Toxic Egg upgrades all poison cards when you obtain them."
"What does the 'Vajra' relic do?","Vajra increases your Strength by 1."
"What is the 'Paper Crane' relic?","Paper Crane reduces the enemy's strength by 1."
"What does the 'Sundial' relic do?","Sundial allows you to gain 3 extra energy if you end your turn with no cards in hand."
"What is the 'Bottled Flame' relic?","Bottled Flame allows you to choose a card to start with in your hand at the beginning of combat."
"What is the 'Cloak and Dagger' card?","Cloak and Dagger gives you a Shiv and increases your Dexterity for the turn."
"What does the 'Adrenaline' card do?","Adrenaline gives you 2 energy and draws a card, but exhausts itself."
"What is the 'Rage' card?","Rage gives you 5 Block and increases your Strength for the turn."
"What does the 'Impervious' card do?","Impervious gives you 30 Block but exhausts itself."
"What is the 'Fiend Fire' card?","Fiend Fire deals damage for each card you exhaust this turn."
"What does the 'Whirlwind' card do?","Whirlwind deals damage to all enemies for each energy spent."
"What is the 'Barrage' card?","Barrage deals damage based on the number of orbs you have channeled."
"What does the 'Amplify' card do?","Amplify allows you to double the effect of your next power card."
"What is the 'Seek' card?","Seek allows you to draw 2 cards from your deck and put them into your hand."
"What does the 'Doom and Gloom' card do?","Doom and Gloom deals damage and channels a Dark orb."
"What is the 'Hologram' card?","Hologram allows you to return a card from your discard pile to your hand."
"What is the 'Reinforced Body' card?","Reinforced Body gives you Block equal to your current energy."
"What does the 'Storm' card do?","Storm channels 1 Lightning at the start of each turn."
"What is the 'Echo Form' card?","Echo Form allows you to play the first card you play each turn twice."
"What does the 'Bouncing Flask' card do?","Bouncing Flask allows you to apply a certain amount of poison to a number of random enemies."
"What is the 'Scry' mechanic?","Scry allows you to look at a certain number of cards from the top of your deck and put them back in any order."
"What does the 'Wraith Form' card do?","Wraith Form makes you intangible for a turn but exhausts itself."
"What is the 'Choke' card?","Choke deals damage and doubles the damage dealt if the enemy has been attacked this turn."
"What does the 'Demon Form' card do?","Demon Form increases your Strength by 2 at the start of each turn."
"What is the 'Corruption' card?","Corruption makes all skill cards cost 0 energy for the rest of the combat but exhausts itself
"What is the 'Ascension' system in Slay the Spire?","Ascension is a difficulty system that increases the challenge of the game with each level."
"What does the 'Berserk' card do?","Berserk gives you 2 energy but makes you vulnerable for the rest of the turn."
"What is the 'Dagger Spray' card?","Dagger Spray deals damage to all enemies and applies Weak to them."
"What does the 'Caltrops' card do?","Caltrops deals damage to enemies when they attack you."
"What is the 'Footwork' card?","Footwork increases your Dexterity, making your skills more effective."
"What does the 'Noxious Fumes' card do?","Noxious Fumes applies poison to all enemies at the end of their turn."
"What is the 'Ritual Dagger' card?","Ritual Dagger increases its damage each time you kill an enemy with it."
"What does the 'Sucker Punch' card do?","Sucker Punch deals damage and applies Weak to the enemy."
"What is the 'Cloak and Dagger' card?","Cloak and Dagger gives you a Shiv and increases your Dexterity for the turn."
"What does the 'Storm' card do?","Storm channels 1 Lightning at the start of each turn."
"What is the 'Dark Orb'?","The Dark Orb accumulates damage and releases it when evoked."
"What does the 'Finesse' card do?","Finesse draws a card and gives you 1 energy."
"What is the 'Barrage' card?","Barrage deals damage based on the number of orbs you have channeled."
"What does the 'Hologram' card do?","Hologram allows you to return a card from your discard pile to your hand."
"What is the 'Scry' mechanic?","Scry allows you to look at a certain number of cards from the top of your deck and put them back in any order."
"What does the 'Echo Form' card do?","Echo Form allows you to play the first card you play each turn twice."
"What is the 'Fiend Fire' card?","Fiend Fire deals damage for each card you exhaust this turn."
"What does the 'Impervious' card do?","Impervious gives you 30 Block but exhausts itself."
"What is the 'Adrenaline' card?","Adrenaline gives you 2 energy and draws a card, but exhausts itself."
"What does the 'Whirlwind' card do?","Whirlwind deals damage to all enemies for each energy spent."
"What is the 'Choke' card?","Choke deals damage and doubles the damage dealt if the enemy has been attacked this turn."
"What does the 'Demon Form' card do?","Demon Form increases your Strength by 2 at the start of each turn."
"What is the 'Corruption' card?","Corruption makes all skill cards cost 0 energy for the rest of the combat but exhausts itself."
"What does the 'Wraith Form' card do?","Wraith Form makes you intangible for a turn but exhausts itself."
"What is the 'Ninja Scroll' relic?","Ninja Scroll starts you with 3 Shivs in your hand at the beginning of combat."
"What does the 'Singing Bowl' relic do?","The Singing Bowl allows you to increase your max HP by 1 for each card you obtain."
"What is the 'Dead Branch' relic?","Dead Branch allows you to gain a random card whenever you exhaust a card."
"What does the 'Black Star' relic do?","The Black Star increases the number of relics you can obtain from elite enemies."
"What is the 'Bottled Lightning' relic?","Bottled Lightning allows you to choose a skill card to start with in your hand at the beginning of combat."
"What does the 'Runic Pyramid' relic do?","Runic Pyramid allows you to keep your hand at the end of your turn."
"What is the 'Fossilized Helix' relic?","Fossilized Helix blocks the first time you would be dealt damage each combat."
"What does the 'Mummified Hand' relic do?","Mummified Hand makes it so that whenever you play a power card, you draw a card."
"What is the 'Frozen Egg' relic?","Frozen Egg upgrades all frost cards when you obtain them."
"What does the 'Toxic Egg' relic do?","Toxic Egg upgrades all poison cards when you obtain them."
"What is the 'Vajra' relic?","Vajra increases your Strength by 1."
"What does the 'Paper Crane' relic do?","Paper Crane reduces the
"What is the 'Cursed Key' relic?","Cursed Key gives you an extra energy at the start of each turn but adds a curse to your deck."
"What does the 'Dead Branch' relic do?","Dead Branch allows you to gain a random card whenever you exhaust a card."
"What is the 'Black Star' relic?","The Black Star increases the number of relics you can obtain from elite enemies."
"What does the 'Bottled Lightning' relic do?","Bottled Lightning allows you to choose a skill card to start with in your hand at the beginning of combat."
"What is the 'Runic Pyramid' relic?","Runic Pyramid allows you to keep your hand at the end of your turn."
"What does the 'Fossilized Helix' relic do?","Fossilized Helix blocks the first time you would be dealt damage each combat."
"What is the 'Mummified Hand' relic?","Mummified Hand makes it so that whenever you play a power card, you draw a card."
"What does the 'Frozen Egg' relic do?","Frozen Egg upgrades all frost cards when you obtain them."
"What is the 'Toxic Egg' relic?","Toxic Egg upgrades all poison cards when you obtain them."
"What does the 'Vajra' relic do?","Vajra increases your Strength by 1."
"What is the 'Paper Crane' relic?","Paper Crane reduces the enemy's strength by 1."
"What does the 'Sundial' relic do?","Sundial allows you to gain 3 extra energy if you end your turn with no cards in hand."
"What is the 'Ninja Scroll' relic?","Ninja Scroll starts you with 3 Shivs in your hand at the beginning of combat."
"What does the 'Singing Bowl' relic do?","The Singing Bowl allows you to increase your max HP by 1 for each card you obtain."
"What is the 'Cloak and Dagger' card?","Cloak and Dagger gives you a Shiv and increases your Dexterity for the turn."
"What does the 'Adrenaline' card do?","Adrenaline gives you 2 energy and draws a card, but exhausts itself."
"What is the 'Rage' card?","Rage gives you 5 Block and increases your Strength for the turn."
"What does the 'Impervious' card do?","Impervious gives you 30 Block but exhausts itself."
"What is the 'Fiend Fire' card?","Fiend Fire deals damage for each card you exhaust this turn."
"What does the 'Whirlwind' card do?","Whirlwind deals damage to all enemies for each energy spent."
"What is the 'Barrage' card?","Barrage deals damage based on the number of orbs you have channeled."
"What does the 'Amplify' card do?","Amplify allows you to double the effect of your next power card."
"What is the 'Seek' card?","Seek allows you to draw 2 cards from your deck and put them into your hand."
"What does the 'Doom and Gloom' card do?","Doom and Gloom deals damage and channels a Dark orb."
"What is the 'Hologram' card?","Hologram allows you to return a card from your discard pile to your hand."
"What is the 'Reinforced Body' card?","Reinforced Body gives you Block equal to your current energy."
"What does the 'Storm' card do?","Storm channels 1 Lightning at the start of each turn."
"What is the 'Echo Form' card?","Echo Form allows you to play the first card you play each turn twice."
"What does the 'Bouncing Flask' card do?","Bouncing Flask allows you to apply a certain amount of poison to a number of random enemies."
"What is the 'Scry' mechanic?","Scry allows you to look at a certain number of cards from the top of your deck and put them back in any order."
"What does the 'Wraith Form' card do?","Wraith Form makes you intangible for a turn but exhausts itself."
"What is the 'Choke' card?","Choke deals damage and doubles the damage dealt if the enemy has been attacked this turn."
"What does the 'Demon Form' card do?","Demon Form increases your Strength by 2 at the start of each turn."
"What is the 'Corruption' card?","Corruption makes all skill cards cost 0 energy for the rest of the combat but exhausts itself."
"What does the 'Noxious Fumes' card do?","Noxious Fumes applies poison to all enemies at the end of their turn."
"What is the
"Who is the first act boss in Slay the Spire?","The first act boss is The Guardian."
"What unique mechanic does The Guardian have?","The Guardian can switch between a defensive and offensive mode, gaining block and dealing damage."
"Who is the second act boss in Slay the Spire?","The second act boss is The Slime Boss."
"What happens when you defeat The Slime Boss?","When defeated, The Slime Boss splits into smaller slimes that can also attack."
"Who is the third act boss in Slay the Spire?","The third act boss is The Champ."
"What unique ability does The Champ have?","The Champ gains strength each turn and can apply debuffs to the player."
"Who is the final boss in Act 3?","The final boss in Act 3 is The Time Eater."
"What is The Time Eater's unique mechanic?","The Time Eater can end your turn early and has a powerful attack that scales with the number of cards played."
"What is the first act boss in the 'Defect' expansion?","The first act boss in the 'Defect' expansion is The Hexaghost."
"What unique mechanic does The Hexaghost have?","The Hexaghost can apply the 'Burn' status effect and has a powerful multi-hit attack."
"Who is the second act boss in the 'Defect' expansion?","The second act boss is The Donu and Deca."
"What is unique about The Donu and Deca fight?","They work together, with one applying buffs while the other attacks."
"Who is the third act boss in the 'Defect' expansion?","The third act boss is The Awakened One."
"What unique ability does The Awakened One have?","The Awakened One can transform during the fight, changing its attack patterns."
"What is the first act boss in the 'Watcher' expansion?","The first act boss in the 'Watcher' expansion is The Act 1 Boss, The Guardian."
"Who is the second act boss in the 'Watcher' expansion?","The second act boss is The Act 2 Boss, The Time Eater."
"What is the final boss in the 'Watcher' expansion?","The final boss is The Act 3 Boss, The Heart."
"What unique mechanic does The Heart have?","The Heart has multiple phases and can deal massive damage while applying various debuffs."
"What is the 'Act 1 Boss' in the base game?","The Act 1 Boss is The Guardian."
"What is the 'Act 2 Boss' in the base game?","The Act 2 Boss is The Slime Boss."
"What is the 'Act 3 Boss' in the base game?","The Act 3 Boss is The Champ."
"What is the 'Act 4 Boss' in the 'Defect' expansion?","The Act 4 Boss is The Corrupted Heart."
"What unique ability does The Corrupted Heart have?","The Corrupted Heart can deal damage based on the number of cards played and has powerful attacks."
"What is the 'Act 1 Boss' in the 'Silent' expansion?","The Act 1 Boss is The Guardian."
"What is the 'Act 2 Boss' in the 'Silent' expansion?","The Act 2 Boss is The Slime Boss."
"What is the 'Act 3 Boss' in the 'Silent' expansion?","The Act 3 Boss is The Champ."
"What is the 'Act 1 Boss' in the 'Ironclad' expansion?","The Act 1 Boss is The Guardian."
"What is the 'Act 2 Boss' in the 'Ironclad' expansion?","The Act 2 Boss is The Slime Boss."
"What is the 'Act 3 Boss' in the 'Ironclad' expansion?","The Act 3 Boss is The Champ."
"What is the 'Act 1 Boss' in the 'Watcher' expansion?","The Act 1 Boss is The Guardian."
"What is the 'Act 2 Boss' in the 'Watcher' expansion?","The Act 2 Boss is The Time Eater."
"What is the 'Act 3 Boss' in the 'Watcher' expansion?","The Act 3 Boss is The Heart."
"What is considered one of the best cards for The Ironclad?","'Demon Form' is often considered one of the best cards for The Ironclad as it increases Strength each turn."
"What is a powerful card for The Silent?","'Noxious Fumes' is a powerful card for The Silent, applying poison to all enemies each turn."
"What is a key card for The Defect?","'Electrodynamics' is a key card for The Defect, allowing you to channel Lightning to all enemies."
"What is a strong card for The Watcher?","'Divinity' is a strong card for The Watcher, allowing you to deal triple damage for one turn."
"What does the 'Whirlwind' card do?","'Whirlwind' deals damage to all enemies for each energy spent, making it powerful in multi-enemy fights."
"What is the 'Fiend Fire' card?","'Fiend Fire' deals damage for each card you exhaust this turn, making it great for decks that focus on exhausting cards."
"What is the 'Barrage' card?","'Barrage' deals damage based on the number of orbs you have channeled, making it very effective for orb-focused builds."
"What is the 'Echo Form' card?","'Echo Form' allows you to play the first card you play each turn twice, which can lead to powerful combos."
"What does the 'Choke' card do?","'Choke' deals damage and doubles the damage dealt if the enemy has been attacked this turn, making it great for aggressive strategies."
"What is the 'Impervious' card?","'Impervious' gives you 30 Block but exhausts itself, providing a strong defensive option."
"What is the 'Adrenaline' card?","'Adrenaline' gives you 2 energy and draws a card, allowing for explosive turns."
"What is the 'Sunder' card?","'Sunder' deals damage and causes the enemy to lose all block, making it effective against heavily defended foes."
"What is the 'Backstab' card?","'Backstab' deals 10 damage and can only be played if it is in your hand at the start of your turn, making it a strong opener."
"What does the 'Caltrops' card do?","'Caltrops' deals damage to enemies when they attack you, making it useful for defensive strategies."
"What is the 'Rage' card?","'Rage' gives you 5 Block and increases your Strength for the turn, making it versatile for both offense and defense."
"What is the 'Storm' card?","'Storm' channels 1 Lightning at the start of each turn, which can build up significant damage over time."
"What is the 'Ninja' card?","'Ninja' allows you to draw a card and gives you a Shiv, making it useful for generating extra attacks."
"What is the 'Doom and Gloom' card?","'Doom and Gloom' deals damage and channels a Dark orb, providing both immediate damage and future potential."
"What is the 'Hologram' card?","'Hologram' allows you to return a card from your discard pile to your hand, enabling powerful combos."
"What is the 'Seek' card?","'Seek' allows you to draw 2 cards from your deck and put them into your hand, providing flexibility."
"What is the 'Bouncing Flask' card?","'Bouncing Flask' allows you to apply a certain amount of poison to a number of random enemies, making it effective in multi-target fights."
"What is the 'Finesse' card?","'Finesse' draws a card and gives you 1 energy, making it a great card for cycling through your deck."
"What is the 'Scry' mechanic?","Scry allows you to look at a certain number of cards from the top of your deck and put them back in any order, helping you set up your next turns."
"What is the 'Wraith Form' card?","'Wraith Form' makes you intangible for a turn but exhausts itself, providing a strong defensive option."
"What is the 'Amplify' card?","'Amplify' allows you to double the effect of your next power card, which can lead to powerful synergies."
"What is the 'Dagger Spray' card?","'Dagger Spray' deals damage to all enemies and applies Weak, making it effective against multiple foes."
"What is the 'Cloak and Dagger' card?","'Cloak and Dagger' gives you a Shiv and increases your Dexterity for the turn, enhancing your defensive capabilities."
"What is the best way to manage your deck in Slay the Spire?","Aim for a balanced deck with a mix of attack, skill, and power cards while avoiding too many cards that clutter your hand."
"How important are relics in Slay the Spire?","Relics are crucial as they provide powerful bonuses and can significantly influence your strategy."
"What should you prioritize when choosing cards?","Prioritize cards that complement your existing strategy and enhance your strengths, such as damage output or defense."
"How can you effectively use potions?","Use potions strategically during tough battles, especially against bosses or elite enemies, to turn the tide in your favor."
"What is the significance of upgrading cards?","Upgrading cards can enhance their effects, reduce their cost, or add additional benefits, making your deck more powerful."
"When should you remove cards from your deck?","Remove cards that are less effective or that clutter your deck, especially if they don't fit your strategy."
"How can you maximize your energy usage?","Plan your turns carefully to use all available energy efficiently, and consider cards that generate additional energy."
"What is the benefit of resting at campfires?","Resting at campfires heals your character, which is essential for survival, especially before tough encounters."
"How can you deal with curses?","Try to remove curses from your deck as soon as possible, and consider cards that can help mitigate their negative effects."
"What is the importance of status effects?","Utilizing status effects like Weak, Vulnerable, and Poison can significantly enhance your damage output and control the battlefield."
"How can you prepare for boss fights?","Study the boss's mechanics and plan your deck and strategy accordingly, focusing on cards that counter their abilities."
"What is the best way to handle multi-enemy encounters?","Use area damage cards and debuffs to control multiple enemies at once, and prioritize taking down the most dangerous foes first."
"How can you effectively use the map?","Plan your route on the map to maximize encounters with elites, shops, and campfires while avoiding unnecessary damage."
"What is the role of energy management?","Energy management is key to maximizing your turns; consider cards and relics that help you gain or conserve energy."
"How can you utilize the Ascension system?","Use the Ascension system to challenge yourself and improve your skills, learning from each run to refine your strategies."
"What is the benefit of focusing on a specific strategy?","Focusing on a specific strategy, such as poison or strength, can lead to powerful synergies and more effective gameplay."
"How can you adapt your strategy based on relics?","Adapt your strategy based on the relics you acquire, as they can significantly alter your approach to combat."
"What is the importance of card synergies?","Building synergies between cards can create powerful combos that can overwhelm enemies and bosses."
"How can you improve your chances of survival?","Prioritize defense and healing, especially in the early game, to build a strong foundation for later encounters."
"What should you do if you encounter a difficult enemy?","Analyze the enemy's attack patterns and adjust your strategy accordingly, using defensive cards and potions as needed."
"What is the best way to learn from each run?","Take note of what worked and what didn't in each run, and adjust your strategies and deck-building choices accordingly."
"What is the significance of the campfire in Slay the Spire?","Campfires allow you to rest to heal, upgrade cards, or remove cards from your deck, making them crucial for your strategy."
"How does the energy system work in Slay the Spire?","You start each turn with a set amount of energy, which you use to play cards; managing energy effectively is key to success."
"What are the different types of enemies in Slay the Spire?","Enemies vary in abilities, including attackers, defenders, and those that apply debuffs, requiring different strategies to defeat."
"What is the role of the merchant in the game?","Merchants allow you to buy cards, relics, and potions, providing opportunities to strengthen your deck."
"How can you identify the best path on the map?","Look for paths that maximize encounters with elites and shops while minimizing damage taken from enemies."
"What is the importance of card draw in Slay the Spire?","Card draw allows you to cycle through your deck faster, enabling you to access your best cards more frequently."
"What are the benefits of playing on higher Ascension levels?","Higher Ascension levels increase the difficulty but also provide better rewards and opportunities for skill improvement."
"What is the 'Exhaust' mechanic?","Exhausting a card removes it from your deck for the remainder of the combat, which can be beneficial for cards that have powerful effects."
"How do status effects like 'Weak' and 'Vulnerable' work?","'Weak' reduces the damage an enemy deals, while 'Vulnerable' increases the damage they take, allowing for strategic advantages."
"What is the 'Deck Size' and why is it important?","A smaller, more focused deck can lead to more consistent draws and better synergy, while a larger deck can dilute your strategy."
"What is the 'Heart' in Slay the Spire?","The Heart is the final boss you can encounter after defeating the three main act bosses, providing a challenging endgame."
"How do you unlock new characters in Slay the Spire?","You unlock new characters by completing certain achievements or reaching specific milestones in the game."
"What is the significance of the 'Ascension' levels?","Ascension levels increase the game's difficulty by adding challenges, such as stronger enemies and additional restrictions."
"What are 'Status Cards' and how do they affect gameplay?","Status cards are negative cards that can clutter your deck, such as 'Burn' or 'Dazed,' and can hinder your performance."
"What is the 'Card Removal' option at campfires?","Card removal allows you to take a card out of your deck, helping to streamline your strategy and improve your chances of drawing key cards."
"What is the 'Strength' stat?","Strength increases the damage of your attack cards, making it a valuable stat for aggressive strategies."
"What is the 'Dexterity' stat?","Dexterity increases the effectiveness of your skill cards and reduces damage taken, making it important for defensive strategies."
"What is the 'Focus' stat?","Focus increases the effectiveness of your orb effects, which is crucial for orb-based builds."
"What is the 'Intangible' effect?","Intangible allows you to avoid all damage for one turn, providing a powerful defensive option."
"What is the 'Artifact' effect?","Artifact blocks the next debuff applied to your character, making it useful for countering enemy effects."
"What is the best way to handle curses in your deck?","Try to remove curses as soon as possible and use cards that can mitigate their negative effects."
"What is the importance of planning your turns?","Planning your turns allows you to maximize damage output, defense, and energy usage, leading to more successful encounters."
"What is the role of the 'Event' encounters on the map?","Event encounters can provide unique opportunities, rewards, or challenges that can significantly impact your run."
"How do you effectively use the 'Rest' option at campfires?","Use the 'Rest' option to heal when your health is low, especially before tough encounters or bosses."
"What is the 'Upgrade' option at campfires?","The 'Upgrade' option enhances a card's effects, making it more powerful and effective in your strategy."
"What is the significance of the 'Shop' in Slay the Spire?","Shops allow you to purchase cards, relics, and potions, providing opportunities to strengthen your deck and strategy."
"What is the 'Card Drafting' mechanic?","Card drafting allows you to choose from a selection of cards after defeating enemies or visiting shops, helping to shape your deck."
"What is the importance of managing your health?","Managing your health is crucial, as running out of health results in losing your run; prioritize healing and defense."
"What is the 'Strength' mechanic?","Strength increases the damage dealt by your attack cards, making it a key stat for aggressive builds."
"What is the 'Weak' status effect?","Weak reduces the damage dealt by enemies, allowing you to mitigate incoming damage."
"What is the 'Vulnerable' status effect?","Vulnerable increases the damage taken by enemies, making it easier to defeat them quickly."
"What is the 'Poison' status effect?","Poison deals damage over time to enemies, making it effective for attrition strategies."
"What is the 'Exhaust' mechanic?","Exhausting a card removes it from your deck for the remainder of the combat, which can be beneficial for certain strategies."
"What is the 'Scry' mechanic?","Scry allows you to look at a certain number of cards from the top of your deck and put them back in any order, helping to set up future turns."
"What is the 'Channel' mechanic?","Channeling creates orbs that provide various effects, such as dealing damage or providing block."
"What is the 'Evoking' mechanic?","Evoking an orb triggers its effect and removes it from play, allowing for powerful bursts of damage or effects."
"What is the 'Intangible' effect?","Intangible allows you to avoid all damage for one turn, providing a strong defensive option."
"What is the 'Artifact' effect?","Artifact blocks the next debuff applied to your character, making it useful for countering enemy effects."
"What is the 'Focus' stat?","Focus increases the effectiveness of your orb effects, which is crucial for orb-based builds."
"What is the 'Dexterity' stat?","Dexterity increases the effectiveness of your skill cards and reduces damage taken, making it important for defensive strategies."
"What is the 'Strength' stat?","Strength increases the damage of your attack cards, making it a valuable stat for aggressive strategies."
"What is the best way to handle curses in your deck?","Try to remove curses as soon as possible and use cards that can mitigate their negative effects."
"What is the importance of planning your turns?","Planning your turns allows you to maximize damage output, defense, and energy usage, leading to more successful encounters."
"What is the 'Heart' in Slay the Spire?","The Heart is the final boss you can encounter after defeating the three main act bosses, providing a challenging endgame."
"What is the 'Ascension' system?","The Ascension system increases the difficulty of the game, providing new challenges and rewards for experienced players."
"What is the significance of the 'Map' in Slay the Spire?","The map allows you to plan your route through the spire, showing enemies, events, and treasures."
"What is the best way to deal with multi-enemy encounters?","Use area damage cards and debuffs to control multiple enemies at once, and prioritize taking down the most dangerous foes first."
"What is the role of the 'Merchant' in the game?","Merchants allow you to buy cards, relics, and potions, providing opportunities to strengthen your deck."
"What is the importance of card synergies?","Building synergies between cards can create powerful combos that can overwhelm enemies and bosses."